unit_id,month,category,amount
1,2024-01-01,rent_income,1171.6
1,2024-01-01,property_tax,-69.0
1,2024-01-01,insurance,-42.25
1,2024-02-01,rent_income,0.0
1,2024-02-01,property_tax,-69.0
1,2024-02-01,insurance,-48.21
1,2024-02-01,landscaping,-64.24
1,2024-02-01,vacancy_loss,-345.0
1,2024-03-01,rent_income,1152.59
1,2024-03-01,property_tax,-69.0
1,2024-03-01,insurance,-45.05
1,2024-04-01,rent_income,1183.87
1,2024-04-01,property_tax,-69.0
1,2024-04-01,insurance,-42.15
1,2024-04-01,repairs,-570.66
1,2024-04-01,landscaping,-42.85
1,2024-05-01,rent_income,1179.74
1,2024-05-01,property_tax,-69.0
1,2024-05-01,insurance,-46.29
1,2024-05-01,landscaping,-59.8
1,2024-06-01,rent_income,0.0
1,2024-06-01,property_tax,-69.0
1,2024-06-01,insurance,-41.92
1,2024-06-01,landscaping,-69.56
1,2024-06-01,vacancy_loss,-345.0
1,2024-07-01,rent_income,0.0
1,2024-07-01,property_tax,-69.0
1,2024-07-01,insurance,-48.3
1,2024-07-01,repairs,-277.46
1,2024-07-01,vacancy_loss,-345.0
1,2024-08-01,rent_income,0.0
1,2024-08-01,property_tax,-69.0
1,2024-08-01,insurance,-46.4
1,2024-08-01,landscaping,-83.29
1,2024-08-01,vacancy_loss,-345.0
1,2024-09-01,rent_income,0.0
1,2024-09-01,property_tax,-69.0
1,2024-09-01,insurance,-43.61
1,2024-09-01,landscaping,-71.01
1,2024-09-01,vacancy_loss,-345.0
1,2024-10-01,rent_income,1173.94
1,2024-10-01,property_tax,-69.0
1,2024-10-01,insurance,-43.79
1,2024-11-01,rent_income,1165.9
1,2024-11-01,property_tax,-69.0
1,2024-11-01,insurance,-41.51
1,2024-11-01,landscaping,-72.2
1,2024-12-01,rent_income,1139.36
1,2024-12-01,property_tax,-69.0
1,2024-12-01,insurance,-46.72
1,2025-01-01,rent_income,1175.59
1,2025-01-01,property_tax,-69.0
1,2025-01-01,insurance,-49.45
1,2025-02-01,rent_income,1180.35
1,2025-02-01,property_tax,-69.0
1,2025-02-01,insurance,-45.52
1,2025-02-01,repairs,-801.45
1,2025-03-01,rent_income,1150.63
1,2025-03-01,property_tax,-69.0
1,2025-03-01,insurance,-42.39
1,2025-03-01,repairs,-794.79
1,2025-03-01,landscaping,-83.81
1,2025-04-01,rent_income,1128.45
1,2025-04-01,property_tax,-69.0
1,2025-04-01,insurance,-43.72
1,2025-04-01,repairs,-154.46
1,2025-05-01,rent_income,1157.12
1,2025-05-01,property_tax,-69.0
1,2025-05-01,insurance,-48.73
1,2025-06-01,rent_income,1156.85
1,2025-06-01,property_tax,-69.0
1,2025-06-01,insurance,-47.65
1,2025-06-01,landscaping,-114.67
1,2025-07-01,rent_income,0.0
1,2025-07-01,property_tax,-69.0
1,2025-07-01,insurance,-47.53
1,2025-07-01,landscaping,-73.51
1,2025-07-01,vacancy_loss,-345.0
1,2025-08-01,rent_income,1163.14
1,2025-08-01,property_tax,-69.0
1,2025-08-01,insurance,-47.93
1,2025-09-01,rent_income,1147.88
1,2025-09-01,property_tax,-69.0
1,2025-09-01,insurance,-41.79
1,2025-10-01,rent_income,1142.61
1,2025-10-01,property_tax,-69.0
1,2025-10-01,insurance,-49.52
1,2025-11-01,rent_income,1178.55
1,2025-11-01,property_tax,-69.0
1,2025-11-01,insurance,-47.43
1,2025-11-01,landscaping,-110.26
1,2025-12-01,rent_income,1130.95
1,2025-12-01,property_tax,-69.0
1,2025-12-01,insurance,-44.3
2,2024-01-01,rent_income,1470.04
2,2024-01-01,property_tax,-87.0
2,2024-01-01,insurance,-47.17
2,2024-02-01,rent_income,1435.71
2,2024-02-01,property_tax,-87.0
2,2024-02-01,insurance,-40.51
2,2024-02-01,repairs,-828.14
2,2024-03-01,rent_income,1455.74
2,2024-03-01,property_tax,-87.0
2,2024-03-01,insurance,-45.95
2,2024-03-01,landscaping,-116.91
2,2024-04-01,rent_income,1467.05
2,2024-04-01,property_tax,-87.0
2,2024-04-01,insurance,-41.84
2,2024-04-01,repairs,-399.79
2,2024-05-01,rent_income,1429.21
2,2024-05-01,property_tax,-87.0
2,2024-05-01,insurance,-49.13
2,2024-06-01,rent_income,1424.38
2,2024-06-01,property_tax,-87.0
2,2024-06-01,insurance,-40.3
2,2024-06-01,repairs,-264.85
2,2024-06-01,landscaping,-55.0
2,2024-07-01,rent_income,1463.8
2,2024-07-01,property_tax,-87.0
2,2024-07-01,insurance,-41.66
2,2024-07-01,landscaping,-64.85
2,2024-08-01,rent_income,1479.84
2,2024-08-01,property_tax,-87.0
2,2024-08-01,insurance,-46.58
2,2024-08-01,landscaping,-85.95
2,2024-09-01,rent_income,0.0
2,2024-09-01,property_tax,-87.0
2,2024-09-01,insurance,-48.02
2,2024-09-01,vacancy_loss,-435.0
2,2024-10-01,rent_income,1444.06
2,2024-10-01,property_tax,-87.0
2,2024-10-01,insurance,-41.13
2,2024-11-01,rent_income,1478.79
2,2024-11-01,property_tax,-87.0
2,2024-11-01,insurance,-41.29
2,2024-12-01,rent_income,1467.31
2,2024-12-01,property_tax,-87.0
2,2024-12-01,insurance,-46.09
2,2024-12-01,repairs,-612.01
2,2025-01-01,rent_income,1444.72
2,2025-01-01,property_tax,-87.0
2,2025-01-01,insurance,-47.22
2,2025-02-01,rent_income,1468.18
2,2025-02-01,property_tax,-87.0
2,2025-02-01,insurance,-42.15
2,2025-03-01,rent_income,1454.1
2,2025-03-01,property_tax,-87.0
2,2025-03-01,insurance,-46.57
2,2025-03-01,repairs,-373.5
2,2025-03-01,landscaping,-93.0
2,2025-04-01,rent_income,1447.95
2,2025-04-01,property_tax,-87.0
2,2025-04-01,insurance,-45.4
2,2025-04-01,repairs,-260.3
2,2025-04-01,landscaping,-76.59
2,2025-05-01,rent_income,1462.98
2,2025-05-01,property_tax,-87.0
2,2025-05-01,insurance,-43.0
2,2025-05-01,repairs,-698.7
2,2025-05-01,landscaping,-50.66
2,2025-06-01,rent_income,1486.71
2,2025-06-01,property_tax,-87.0
2,2025-06-01,insurance,-42.69
2,2025-07-01,rent_income,1452.52
2,2025-07-01,property_tax,-87.0
2,2025-07-01,insurance,-48.84
2,2025-08-01,rent_income,1477.29
2,2025-08-01,property_tax,-87.0
2,2025-08-01,insurance,-48.26
2,2025-08-01,landscaping,-45.14
2,2025-09-01,rent_income,1434.84
2,2025-09-01,property_tax,-87.0
2,2025-09-01,insurance,-42.66
2,2025-10-01,rent_income,1434.36
2,2025-10-01,property_tax,-87.0
2,2025-10-01,insurance,-48.0
2,2025-11-01,rent_income,1482.12
2,2025-11-01,property_tax,-87.0
2,2025-11-01,insurance,-47.77
2,2025-12-01,rent_income,1475.93
2,2025-12-01,property_tax,-87.0
2,2025-12-01,insurance,-47.21
2,2025-12-01,landscaping,-73.58
3,2024-01-01,rent_income,0.0
3,2024-01-01,property_tax,-72.0
3,2024-01-01,insurance,-48.44
3,2024-01-01,landscaping,-83.84
3,2024-01-01,vacancy_loss,-360.0
3,2024-02-01,rent_income,1225.84
3,2024-02-01,property_tax,-72.0
3,2024-02-01,insurance,-49.19
3,2024-02-01,landscaping,-100.83
3,2024-03-01,rent_income,1218.76
3,2024-03-01,property_tax,-72.0
3,2024-03-01,insurance,-48.25
3,2024-03-01,landscaping,-47.34
3,2024-04-01,rent_income,1186.61
3,2024-04-01,property_tax,-72.0
3,2024-04-01,insurance,-45.75
3,2024-05-01,rent_income,1189.03
3,2024-05-01,property_tax,-72.0
3,2024-05-01,insurance,-47.69
3,2024-05-01,repairs,-452.39
3,2024-05-01,landscaping,-65.1
3,2024-06-01,rent_income,1203.3
3,2024-06-01,property_tax,-72.0
3,2024-06-01,insurance,-40.57
3,2024-07-01,rent_income,1199.65
3,2024-07-01,property_tax,-72.0
3,2024-07-01,insurance,-42.27
3,2024-07-01,repairs,-78.07
3,2024-08-01,rent_income,1227.63
3,2024-08-01,property_tax,-72.0
3,2024-08-01,insurance,-44.84
3,2024-08-01,repairs,-619.38
3,2024-08-01,landscaping,-82.15
3,2024-09-01,rent_income,1213.71
3,2024-09-01,property_tax,-72.0
3,2024-09-01,insurance,-45.36
3,2024-10-01,rent_income,1184.18
3,2024-10-01,property_tax,-72.0
3,2024-10-01,insurance,-41.13
3,2024-11-01,rent_income,1188.47
3,2024-11-01,property_tax,-72.0
3,2024-11-01,insurance,-45.06
3,2024-12-01,rent_income,1212.0
3,2024-12-01,property_tax,-72.0
3,2024-12-01,insurance,-40.66
3,2024-12-01,repairs,-445.3
3,2025-01-01,rent_income,1221.66
3,2025-01-01,property_tax,-72.0
3,2025-01-01,insurance,-47.08
3,2025-02-01,rent_income,1186.06
3,2025-02-01,property_tax,-72.0
3,2025-02-01,insurance,-47.57
3,2025-02-01,repairs,-831.54
3,2025-03-01,rent_income,1185.31
3,2025-03-01,property_tax,-72.0
3,2025-03-01,insurance,-45.14
3,2025-03-01,repairs,-870.61
3,2025-04-01,rent_income,1224.11
3,2025-04-01,property_tax,-72.0
3,2025-04-01,insurance,-47.03
3,2025-05-01,rent_income,1217.53
3,2025-05-01,property_tax,-72.0
3,2025-05-01,insurance,-48.35
3,2025-06-01,rent_income,1222.15
3,2025-06-01,property_tax,-72.0
3,2025-06-01,insurance,-40.65
3,2025-06-01,landscaping,-116.67
3,2025-07-01,rent_income,1219.23
3,2025-07-01,property_tax,-72.0
3,2025-07-01,insurance,-45.23
3,2025-07-01,landscaping,-85.02
3,2025-08-01,rent_income,1178.38
3,2025-08-01,property_tax,-72.0
3,2025-08-01,insurance,-44.53
3,2025-09-01,rent_income,1189.33
3,2025-09-01,property_tax,-72.0
3,2025-09-01,insurance,-41.96
3,2025-09-01,landscaping,-76.34
3,2025-10-01,rent_income,1209.21
3,2025-10-01,property_tax,-72.0
3,2025-10-01,insurance,-48.07
3,2025-11-01,rent_income,1214.51
3,2025-11-01,property_tax,-72.0
3,2025-11-01,insurance,-44.06
3,2025-11-01,landscaping,-99.54
3,2025-12-01,rent_income,1221.33
3,2025-12-01,property_tax,-72.0
3,2025-12-01,insurance,-45.04
4,2024-01-01,rent_income,968.3
4,2024-01-01,property_tax,-57.0
4,2024-01-01,insurance,-44.47
4,2024-01-01,landscaping,-71.18
4,2024-02-01,rent_income,957.5
4,2024-02-01,property_tax,-57.0
4,2024-02-01,insurance,-46.65
4,2024-03-01,rent_income,944.9
4,2024-03-01,property_tax,-57.0
4,2024-03-01,insurance,-42.93
4,2024-04-01,rent_income,948.65
4,2024-04-01,property_tax,-57.0
4,2024-04-01,insurance,-45.81
4,2024-05-01,rent_income,973.01
4,2024-05-01,property_tax,-57.0
4,2024-05-01,insurance,-44.94
4,2024-05-01,landscaping,-109.32
4,2024-06-01,rent_income,940.41
4,2024-06-01,property_tax,-57.0
4,2024-06-01,insurance,-44.2
4,2024-07-01,rent_income,952.76
4,2024-07-01,property_tax,-57.0
4,2024-07-01,insurance,-43.73
4,2024-07-01,landscaping,-65.32
4,2024-08-01,rent_income,933.69
4,2024-08-01,property_tax,-57.0
4,2024-08-01,insurance,-47.33
4,2024-08-01,landscaping,-45.0
4,2024-09-01,rent_income,961.56
4,2024-09-01,property_tax,-57.0
4,2024-09-01,insurance,-43.77
4,2024-09-01,landscaping,-78.12
4,2024-10-01,rent_income,940.65
4,2024-10-01,property_tax,-57.0
4,2024-10-01,insurance,-49.62
4,2024-10-01,landscaping,-60.5
4,2024-11-01,rent_income,967.66
4,2024-11-01,property_tax,-57.0
4,2024-11-01,insurance,-47.1
4,2024-11-01,repairs,-166.39
4,2024-11-01,landscaping,-101.46
4,2024-12-01,rent_income,962.18
4,2024-12-01,property_tax,-57.0
4,2024-12-01,insurance,-46.21
4,2025-01-01,rent_income,951.79
4,2025-01-01,property_tax,-57.0
4,2025-01-01,insurance,-44.89
4,2025-01-01,repairs,-425.13
4,2025-02-01,rent_income,939.25
4,2025-02-01,property_tax,-57.0
4,2025-02-01,insurance,-42.83
4,2025-02-01,landscaping,-54.7
4,2025-03-01,rent_income,931.72
4,2025-03-01,property_tax,-57.0
4,2025-03-01,insurance,-44.58
4,2025-03-01,repairs,-279.19
4,2025-04-01,rent_income,950.3
4,2025-04-01,property_tax,-57.0
4,2025-04-01,insurance,-44.18
4,2025-04-01,landscaping,-113.9
4,2025-05-01,rent_income,933.35
4,2025-05-01,property_tax,-57.0
4,2025-05-01,insurance,-46.63
4,2025-06-01,rent_income,973.09
4,2025-06-01,property_tax,-57.0
4,2025-06-01,insurance,-41.14
4,2025-06-01,landscaping,-106.48
4,2025-07-01,rent_income,960.07
4,2025-07-01,property_tax,-57.0
4,2025-07-01,insurance,-46.66
4,2025-08-01,rent_income,946.95
4,2025-08-01,property_tax,-57.0
4,2025-08-01,insurance,-45.13
4,2025-08-01,repairs,-665.51
4,2025-09-01,rent_income,966.89
4,2025-09-01,property_tax,-57.0
4,2025-09-01,insurance,-43.37
4,2025-09-01,repairs,-162.39
4,2025-09-01,landscaping,-64.31
4,2025-10-01,rent_income,944.22
4,2025-10-01,property_tax,-57.0
4,2025-10-01,insurance,-48.99
4,2025-11-01,rent_income,968.38
4,2025-11-01,property_tax,-57.0
4,2025-11-01,insurance,-42.45
4,2025-11-01,repairs,-729.57
4,2025-12-01,rent_income,975.61
4,2025-12-01,property_tax,-57.0
4,2025-12-01,insurance,-42.69
4,2025-12-01,landscaping,-105.2
